{
  "per_metric": {
    "AV": {
      "f1_macro": 0.7839205846902508,
      "f1_per_class": {
        "N": 0.9597091142421731,
        "A": 0.6460396039603961,
        "L": 0.9134287661895024,
        "P": 0.616504854368932
      },
      "precision_macro": 0.8350380633480167,
      "recall_macro": 0.746419774357285,
      "accuracy": 0.9357829539841167,
      "support": 26317
    },
    "AC": {
      "f1_macro": 0.7255975421286126,
      "f1_per_class": {
        "L": 0.9546433601192942,
        "H": 0.496551724137931
      },
      "precision_macro": 0.7709091471974232,
      "recall_macro": 0.6962429854578842,
      "accuracy": 0.9167838279439146,
      "support": 26317
    },
    "PR": {
      "f1_macro": 0.7526058392024512,
      "f1_per_class": {
        "N": 0.8621778194054185,
        "L": 0.7668238319759966,
        "H": 0.6288158662259382
      },
      "precision_macro": 0.7550100980994475,
      "recall_macro": 0.7504691135227693,
      "accuracy": 0.8055629441045712,
      "support": 26317
    },
    "UI": {
      "f1_macro": 0.9036888389625988,
      "f1_per_class": {
        "N": 0.9362451367392725,
        "R": 0.871132541185925
      },
      "precision_macro": 0.9047212326655991,
      "recall_macro": 0.9026838867527536,
      "accuracy": 0.9146939240794923,
      "support": 26317
    },
    "VC": {
      "f1_macro": 0.8393127054152406,
      "f1_per_class": {
        "H": 0.8796490973682303,
        "L": 0.7905465767887598,
        "N": 0.8477424420887318
      },
      "precision_macro": 0.8440637773306898,
      "recall_macro": 0.8356288342165428,
      "accuracy": 0.8510848500968955,
      "support": 26317
    },
    "VI": {
      "f1_macro": 0.852931147829044,
      "f1_per_class": {
        "H": 0.8703758886382018,
        "L": 0.8219348808225581,
        "N": 0.8664826740263722
      },
      "precision_macro": 0.8561566741247583,
      "recall_macro": 0.8503204090222324,
      "accuracy": 0.8573545616901622,
      "support": 26317
    },
    "VA": {
      "f1_macro": 0.7957145393160575,
      "f1_per_class": {
        "H": 0.8972369483551592,
        "L": 0.6214640466421939,
        "N": 0.8684426229508196
      },
      "precision_macro": 0.8244399712355209,
      "recall_macro": 0.7768381434376267,
      "accuracy": 0.8622943344606148,
      "support": 26317
    },
    "E": {
      "f1_macro": 0.0,
      "f1_per_class": {
        "X": 0.0,
        "U": 0.0,
        "P": 0.0,
        "F": 0.0,
        "H": 0.0
      },
      "precision_macro": 0.0,
      "recall_macro": 0.0,
      "accuracy": 0.0,
      "support": 0
    }
  },
  "aggregated": {
    "macro_f1": 0.8076815996491794,
    "samples_evaluated": 26317,
    "cwe_mode": "match",
    "cwe_vocab_size_checkpoint": 683
  }
}