{
  "per_metric": {
    "AV": {
      "f1_macro": 0.7817114963311067,
      "f1_per_class": {
        "N": 0.9597757907380221,
        "A": 0.6460012399256044,
        "L": 0.9111398766466154,
        "P": 0.6099290780141844
      },
      "precision_macro": 0.8271439001738998,
      "recall_macro": 0.7468483717927945,
      "accuracy": 0.9352129802029107,
      "support": 26317
    },
    "AC": {
      "f1_macro": 0.7253146821243963,
      "f1_per_class": {
        "L": 0.9563709910430511,
        "H": 0.4942583732057416
      },
      "precision_macro": 0.7872031726946809,
      "recall_macro": 0.6896372071540015,
      "accuracy": 0.9196716951020253,
      "support": 26317
    },
    "PR": {
      "f1_macro": 0.7608534449073092,
      "f1_per_class": {
        "N": 0.8676172478955506,
        "L": 0.7738915195867413,
        "H": 0.641051567239636
      },
      "precision_macro": 0.7710994140446304,
      "recall_macro": 0.7522492070272847,
      "accuracy": 0.8132385910248129,
      "support": 26317
    },
    "UI": {
      "f1_macro": 0.906251487693745,
      "f1_per_class": {
        "N": 0.9384580575824425,
        "R": 0.8740449178050474
      },
      "precision_macro": 0.9091414060851971,
      "recall_macro": 0.9035596270021156,
      "accuracy": 0.9173158034730402,
      "support": 26317
    },
    "VC": {
      "f1_macro": 0.8387710262214019,
      "f1_per_class": {
        "H": 0.8806061699440736,
        "L": 0.7858300907911803,
        "N": 0.8498768179289518
      },
      "precision_macro": 0.8449626920080435,
      "recall_macro": 0.8336121157353097,
      "accuracy": 0.8510468518448151,
      "support": 26317
    },
    "VI": {
      "f1_macro": 0.8502353388550189,
      "f1_per_class": {
        "H": 0.8687229161356105,
        "L": 0.8164788184998056,
        "N": 0.8655042819296408
      },
      "precision_macro": 0.8535256202158236,
      "recall_macro": 0.8474928738864587,
      "accuracy": 0.8549606718090967,
      "support": 26317
    },
    "VA": {
      "f1_macro": 0.7994242840497382,
      "f1_per_class": {
        "H": 0.897831291367413,
        "L": 0.6296374814500743,
        "N": 0.8708040793317275
      },
      "precision_macro": 0.8235599485176769,
      "recall_macro": 0.782639677931503,
      "accuracy": 0.8637762662917505,
      "support": 26317
    },
    "E": {
      "f1_macro": 0.0,
      "f1_per_class": {
        "X": 0.0,
        "U": 0.0,
        "P": 0.0,
        "F": 0.0,
        "H": 0.0
      },
      "precision_macro": 0.0,
      "recall_macro": 0.0,
      "accuracy": 0.0,
      "support": 0
    }
  },
  "aggregated": {
    "macro_f1": 0.8089373943118167,
    "samples_evaluated": 26317,
    "cwe_mode": "match",
    "cwe_vocab_size_checkpoint": 683
  }
}